period,scenario,week_of_year,forecast_inventory_bcf,storage_gap_z,fair_henry_hub_price,forecast_henry_hub_price,storage_beta,as_of_date
2026-06-05,Base,23,2664.862935464958,0.3196670029844685,2.943893937057557,3.2012353181246747,-0.1631226624993276,2026-05-29
2026-06-12,Base,24,2749.0985534364763,0.3355170645178487,2.889637839969039,3.088528657018655,-0.1631226624993276,2026-05-29
2026-06-19,Base,25,2825.500302467427,0.3429959683370587,2.832750801667378,2.9964807555092903,-0.1631226624993276,2026-05-29
2026-06-26,Base,26,2891.537902262988,0.3759352711737237,2.7878471634420072,2.9217402718468097,-0.1631226624993276,2026-05-29
2026-07-03,Base,27,2962.5717015122787,0.4088321597120913,2.7315554688571537,2.853714702531548,-0.1631226624993276,2026-05-29
2026-07-10,Base,28,3017.397899522142,0.4593356701111255,2.761697735776568,2.8211651455150424,-0.1631226624993276,2026-05-29
2026-07-17,Base,29,3053.108813167051,0.4920371952391909,2.8024973515667577,2.8146173152171063,-0.1631226624993276,2026-05-29
2026-07-24,Base,30,3090.906580160004,0.5369469827184054,2.708453361650532,2.7769947414592475,-0.1631226624993276,2026-05-29
2026-07-31,Base,31,3129.5616832064416,0.5662719825220087,2.668479028601628,2.738521249709807,-0.1631226624993276,2026-05-29
2026-08-07,Base,32,3170.8630111247403,0.5806375233122076,2.802669622513891,2.7608044233104136,-0.1631226624993276,2026-05-29
2026-08-14,Base,33,3217.4103195986163,0.632722048271647,2.7796738585294243,2.767394110418681,-0.1631226624993276,2026-05-29
2026-08-21,Base,34,3269.7786759069886,0.6832558995691552,2.756051503979991,2.763418898033063,-0.1631226624993276,2026-05-29
2026-08-28,Base,35,3323.3772701455505,0.729206082294234,2.879177114455735,2.803395059748726,-0.1631226624993276,2026-05-29
2026-09-04,Base,36,3396.8148189570165,0.7526644381701891,2.845817416154366,2.818170463724346,-0.1631226624993276,2026-05-29
2026-09-11,Base,37,3468.5115464183727,0.7422834499115205,2.835718197487973,2.824299784216131,-0.1631226624993276,2026-05-29
2026-09-18,Base,38,3545.2062463200464,0.7738068374716465,2.7683392873450163,2.804586091785099,-0.1631226624993276,2026-05-29
2026-09-25,Base,39,3636.804254436103,0.8542605518548827,2.8436241934263964,2.818188086057192,-0.1631226624993276,2026-05-29
2026-10-02,Base,40,3732.48144033002,0.9115187469755212,2.9336716643605256,2.858080853800696,-0.1631226624993276,2026-05-29
2026-10-09,Base,41,3818.616197554323,0.9699709015780106,2.85981682059379,2.858688322279524,-0.1631226624993276,2026-05-29
2026-10-16,Base,42,3892.483281862696,0.970550066557334,2.697342785363423,2.8011481210870506,-0.1631226624993276,2026-05-29
2026-10-23,Base,43,3955.580049882575,0.9631182903827572,2.8400723365022627,2.8147105369296623,-0.1631226624993276,2026-05-29
2026-10-30,Base,44,3985.987607951071,1.0147466092474835,3.1123553154849493,2.91550063471066,-0.1631226624993276,2026-05-29
2026-11-06,Base,45,4019.59898840698,1.0461138188207122,3.011713505957246,2.9488203907847725,-0.1631226624993276,2026-05-29
2026-11-13,Base,46,4011.871153663473,0.984608470889377,3.150397159675772,3.0178612327525567,-0.1631226624993276,2026-05-29
2026-11-20,Base,47,3985.0965363911737,0.9489297423387432,3.1801105573099875,3.073684588212858,-0.1631226624993276,2026-05-29
2026-11-27,Base,48,3941.059715786869,0.8943980297024666,3.135994624467504,3.0953509978235894,-0.1631226624993276,2026-05-29
2026-12-04,Base,49,3838.5314993615657,0.9781369214636026,2.975922397031733,3.053015418902099,-0.1631226624993276,2026-05-29
2026-12-11,Base,50,3719.046851778082,1.0441508958785064,2.7979130297112755,2.961186919135145,-0.1631226624993276,2026-05-29
2026-12-18,Base,51,3581.0988488021467,1.135045072901344,2.747646858997721,2.884623282394938,-0.1631226624993276,2026-05-29
2026-12-25,Base,52,3536.0816434397334,1.279617303175297,2.5883197301529046,2.777244983057216,-0.1631226624993276,2026-05-29
2027-01-01,Base,53,3534.4102327908527,0.2845405236716086,2.423845451237721,2.648048577609054,-0.1631226624993276,2026-05-29
2027-01-08,Base,1,3422.6248160019186,1.3993740076310084,2.4673681502749734,2.583352976893072,-0.1631226624993276,2026-05-29
2027-01-15,Base,2,3271.183770530088,1.531205550964445,2.518330276838574,2.5604062460961927,-0.1631226624993276,2026-05-29
2027-01-22,Base,3,3098.326824816767,1.4321031604032497,2.409442030461816,2.50652210707895,-0.1631226624993276,2026-05-29
2027-01-29,Base,4,2906.798423013533,1.5712134952472832,2.5525121221962044,2.522523583593485,-0.1631226624993276,2026-05-29
2027-02-05,Base,5,2734.4552926973547,1.587971367217303,2.2163561349540566,2.410830871305455,-0.1631226624993276,2026-05-29
2027-02-12,Base,6,2587.081911007561,1.4794316963316134,2.1419074947399075,2.3130692350740074,-0.1631226624993276,2026-05-29
2027-02-19,Base,7,2451.491130757606,1.402082215681919,2.152468130389541,2.2555396529187863,-0.1631226624993276,2026-05-29
2027-02-26,Base,8,2309.902730749892,1.17128784689388,2.249385828207336,2.253383901584292,-0.1631226624993276,2026-05-29
2027-03-05,Base,9,2201.1223416114576,1.041812025432407,2.3660252229526786,2.2921849214617924,-0.1631226624993276,2026-05-29
2027-03-12,Base,10,2139.326237562853,0.9339850919227304,2.410329293492428,2.3328617691505817,-0.1631226624993276,2026-05-29
2027-03-19,Base,11,2113.191150769164,0.9640065079767478,2.355824465314965,2.34087314073584,-0.1631226624993276,2026-05-29
2027-03-26,Base,12,2085.474670541937,0.9662739045836763,2.3289212594011115,2.336683021325997,-0.1631226624993276,2026-05-29
2027-04-02,Base,13,2077.3325486581844,0.965207300649952,2.379843872911368,2.3516995453249305,-0.1631226624993276,2026-05-29
2027-04-09,Base,14,2091.487478693386,0.9026706929300932,2.358938342984505,2.354230594228734,-0.1631226624993276,2026-05-29
2027-04-16,Base,15,2137.436751224226,0.8803722354818978,2.41024470579879,2.373685887048866,-0.1631226624993276,2026-05-29
2027-04-23,Base,16,2188.1487993756505,0.8139221797715049,2.384847801347899,2.37758660201806,-0.1631226624993276,2026-05-29
2027-04-30,Base,17,2259.248622414717,0.8203396479712007,2.4070559750883924,2.3878596148834266,-0.1631226624993276,2026-05-29
2027-05-07,Base,18,2334.081351036734,0.8094911329808421,2.5707242922747966,2.450333171525025,-0.1631226624993276,2026-05-29
2027-05-14,Base,19,2421.7921089580614,0.818291971575893,2.60924756324545,2.5048209722945707,-0.1631226624993276,2026-05-29
2027-05-21,Base,20,2518.731531586312,0.8314934660802911,2.6372093926867013,2.550383346790835,-0.1631226624993276,2026-05-29
2027-05-28,Base,21,2614.224082473189,0.8318573180912626,2.620747022041908,2.5747931015699184,-0.1631226624993276,2026-05-29
2026-06-05,Mild,23,2670.328497607579,0.3336038166309978,2.9372088605437763,3.198689128950869,-0.1631226624993276,2026-05-29
2026-06-12,Mild,24,2756.922695677832,0.3558987626592361,2.880046565274072,3.083341658845539,-0.1631226624993276,2026-05-29
2026-06-19,Mild,25,2835.936737910764,0.370574141984018,2.820035938918149,2.9884995723100976,-0.1631226624993276,2026-05-29
2026-06-26,Mild,26,2903.1009802415824,0.4072901083757465,2.773624607640748,2.9114629465095883,-0.1631226624993276,2026-05-29
2026-07-03,Mild,27,2974.315623208888,0.4406980829247731,2.7173935345164986,2.842010721481368,-0.1631226624993276,2026-05-29
2026-07-10,Mild,28,3029.2097448703894,0.491941862339918,2.747047787980322,2.808405971905842,-0.1631226624993276,2026-05-29
2026-07-17,Mild,29,3064.969418545026,0.5248581724453945,2.7875333079376694,2.801082820987029,-0.1631226624993276,2026-05-29
2026-07-24,Mild,30,3102.8067640339536,0.5708437719948757,2.693518744288354,2.7629553601184145,-0.1631226624993276,2026-05-29
2026-07-31,Mild,31,3141.5106535158566,0.6013924433920549,2.653235171410438,2.7240465537495937,-0.1631226624993276,2026-05-29
2026-08-07,Mild,32,3183.041767733874,0.61643087872976,2.786353333919963,2.7456938266213085,-0.1631226624993276,2026-05-29
2026-08-14,Mild,33,3229.775424142028,0.6703159277529244,2.7626799086595857,2.751627042597636,-0.1631226624993276,2026-05-29
2026-08-21,Mild,34,3282.45670173605,0.7229224828865016,2.738275991642725,2.746946786303865,-0.1631226624993276,2026-05-29
2026-08-28,Mild,35,3338.195496963361,0.7774500006049677,2.8566078451570007,2.7848408364307278,-0.1631226624993276,2026-05-29
2026-09-04,Mild,36,3414.1912466146982,0.81012387433653,2.8192683666772345,2.7968423854375506,-0.1631226624993276,2026-05-29
2026-09-11,Mild,37,3490.9310576834364,0.8181301062922629,2.800849962110049,2.7982443845858405,-0.1631226624993276,2026-05-29
2026-09-18,Mild,38,3576.3497872212424,0.8816297072536169,2.720074450809531,2.770632622813717,-0.1631226624993276,2026-05-29
2026-09-25,Mild,39,3675.1603669513656,0.9965337110048246,2.7783893423387376,2.7733450082637856,-0.1631226624993276,2026-05-29
2026-10-02,Mild,40,3781.029087976633,1.0975445709744758,2.8459864499866105,2.7985561481791668,-0.1631226624993276,2026-05-29
2026-10-09,Mild,41,3876.752091998365,1.202491972403805,2.7533768886910046,2.7826596976020364,-0.1631226624993276,2026-05-29
2026-10-16,Mild,42,3961.30541731376,1.2427582122615042,2.580192006691899,2.710049806579568,-0.1631226624993276,2026-05-29
2026-10-23,Mild,43,4042.330888451183,1.311568127524691,2.6831445795573847,2.7006024259383614,-0.1631226624993276,2026-05-29
2026-10-30,Mild,44,4093.7879703612666,1.4724693052869866,2.888434993947411,2.764912131281816,-0.1631226624993276,2026-05-29
2026-11-06,Mild,45,4147.167420286495,1.5957499615000197,2.753440104177613,2.760891495004661,-0.1631226624993276,2026-05-29
2026-11-13,Mild,46,4153.8836075371,1.498542650139826,2.897053585929768,2.807804431782668,-0.1631226624993276,2026-05-29
2026-11-20,Mild,47,4147.129051754798,1.5010280737827502,2.906228559211915,2.841867818334479,-0.1631226624993276,2026-05-29
2026-11-27,Mild,48,4123.278646303386,1.4967650596739444,2.8425077542844623,2.842091779527433,-0.1631226624993276,2026-05-29
2026-12-04,Mild,49,4036.5838518895766,1.6960750378389295,2.6470400760601307,2.772240761084671,-0.1631226624993276,2026-05-29
2026-12-11,Mild,50,3945.284640234942,1.8925224540064876,2.436311378560504,2.6496993051871125,-0.1631226624993276,2026-05-29
2026-12-18,Mild,51,3854.413794482622,2.238267165617656,2.2951181705890766,2.519762177108189,-0.1631226624993276,2026-05-29
2026-12-25,Mild,52,3830.637982917136,2.4473398066566188,2.139403193325167,2.379502323084333,-0.1631226624993276,2026-05-29
2027-01-01,Mild,53,3846.3536733625774,0.7187680509550367,2.258098207807285,2.3362858340188497,-0.1631226624993276,2026-05-29
2027-01-08,Mild,1,3778.893644692652,2.836024401521573,1.951897192889216,2.193824150188028,-0.1631226624993276,2026-05-29
2027-01-15,Mild,2,3660.5117300478246,3.2205468654253493,1.9117637404298515,2.0906587746685146,-0.1631226624993276,2026-05-29
2027-01-22,Mild,3,3535.673031188007,3.1893358957805824,1.8089575056929728,1.9873940205885867,-0.1631226624993276,2026-05-29
2027-01-29,Mild,4,3385.2697870505417,3.6717554812506616,1.81200146975462,1.9241551044406184,-0.1631226624993276,2026-05-29
2027-02-05,Mild,5,3252.459819152812,3.80005862872551,1.5449984435121933,1.7818899006892952,-0.1631226624993276,2026-05-29
2027-02-12,Mild,6,3133.6725507038136,3.67753791761899,1.4965101719152414,1.6762949965924598,-0.1631226624993276,2026-05-29
2027-02-19,Mild,7,3026.313331404017,3.52248945354365,1.5230709783514815,1.620988156205751,-0.1631226624993276,2026-05-29
2027-02-26,Mild,8,2921.1073264298666,3.221376382422504,1.6100114864929238,1.6171378351914103,-0.1631226624993276,2026-05-29
2027-03-05,Mild,9,2841.5569706191736,3.0647571502037927,1.7010117672721263,1.6460125270213477,-0.1631226624993276,2026-05-29
2027-03-12,Mild,10,2805.68759881275,2.8022605594872285,1.7771399562537502,1.6907683496842394,-0.1631226624993276,2026-05-29
2027-03-19,Mild,11,2805.3119553714478,2.888511816123334,1.7210943315265166,1.7013211741254566,-0.1631226624993276,2026-05-29
2027-03-26,Mild,12,2801.3703993353606,2.98849718127376,1.6745336967347395,1.6918971606681874,-0.1631226624993276,2026-05-29
2027-04-02,Mild,13,2818.734553432262,3.0865757561130724,1.6836964013235982,1.6890223612731274,-0.1631226624993276,2026-05-29
2027-04-09,Mild,14,2854.3903339484077,3.0347968415265107,1.665980050213992,1.680921524076172,-0.1631226624993276,2026-05-29
2027-04-16,Mild,15,2922.75363512682,3.0312500613989526,1.697015911311821,1.6865371225086574,-0.1631226624993276,2026-05-29
2027-04-23,Mild,16,3010.75420711306,2.9643617764556285,1.679254382236371,1.6839845776772968,-0.1631226624993276,2026-05-29
2027-04-30,Mild,17,3097.26204763584,3.062174725616876,1.6698107671203044,1.6790101106007072,-0.1631226624993276,2026-05-29
2027-05-07,Mild,18,3187.311409891872,3.10425844881916,1.7680179742832534,1.709641254191335,-0.1631226624993276,2026-05-29
2027-05-14,Mild,19,3282.316921047838,3.1821026395988365,1.7744150157471827,1.7320385911690692,-0.1631226624993276,2026-05-29
2027-05-21,Mild,20,3390.30724856122,3.244525191490744,1.7790884922155046,1.748362808070129,-0.1631226624993276,2026-05-29
2027-05-28,Mild,21,3493.904423659982,3.279046599118031,1.7581592286131482,1.7517853305491866,-0.1631226624993276,2026-05-29
2026-06-05,Severe,23,2659.365558887097,0.3056490646807422,2.950633275049451,3.2037983729118693,-0.1631226624993276,2026-05-29
2026-06-12,Severe,24,2741.2293398278625,0.3150179565730673,2.899316583763857,3.0937544331839963,-0.1631226624993276,2026-05-29
2026-06-19,Severe,25,2815.529451327315,0.3166480964374109,2.84495198168543,3.004291190433345,-0.1631226624993276,2026-05-29
2026-06-26,Severe,26,2878.2595560084283,0.3399292539268869,2.804269477901189,2.9327107193297697,-0.1631226624993276,2026-05-29
2026-07-03,Severe,27,2947.9077196355925,0.3690429536405317,2.7493423482443227,2.867180833491023,-0.1631226624993276,2026-05-29
2026-07-10,Severe,28,3002.62825680369,0.4185645801222206,2.7801261407104683,2.8364059033515634,-0.1631226624993276,2026-05-29
2026-07-17,Severe,29,3038.211244478405,0.4508122537816619,2.8214068771487475,2.8311471957166385,-0.1631226624993276,2026-05-29
2026-07-24,Severe,30,3075.990275949317,0.4944589988377391,2.7272901843411925,2.7943549079010253,-0.1631226624993276,2026-05-29
2026-07-31,Severe,31,3114.57929017117,0.5222356735590266,2.687716579302601,2.7565586141839877,-0.1631226624993276,2026-05-29
2026-08-07,Severe,32,3155.737700056043,0.5361842468195249,2.8230665871918195,2.7796562599548147,-0.1631226624993276,2026-05-29
2026-08-14,Severe,33,3201.191815281496,0.5834125988833471,2.802122294558824,2.787498808964579,-0.1631226624993276,2026-05-29
2026-08-21,Severe,34,3251.80493495312,0.6270202598343998,2.7814499269719524,2.7853802053893117,-0.1631226624993276,2026-05-29
2026-08-28,Severe,35,3302.1191490085075,0.6599957056287546,2.9118665744988173,2.829012914966773,-0.1631226624993276,2026-05-29
2026-09-04,Severe,36,3369.746530964299,0.6631564796478795,2.8876733814527,2.849407275761367,-0.1631226624993276,2026-05-29
2026-09-11,Severe,37,3436.67474448178,0.6345774902142911,2.885979971532252,2.86215469679085,-0.1631226624993276,2026-05-29
2026-09-18,Severe,38,3502.8910964415654,0.627306447242198,2.835292591869931,2.852724133804128,-0.1631226624993276,2026-05-29
2026-09-25,Severe,39,3584.662499522244,0.6608527295093638,2.9347684632071376,2.881175411607452,-0.1631226624993276,2026-05-29
2026-10-02,Severe,40,3671.212171522664,0.6767459666614823,3.04820083772284,2.938566729473991,-0.1631226624993276,2026-05-29
2026-10-09,Severe,41,3742.592746346921,0.6659065287552512,3.0052397968958493,2.96173234404674,-0.1631226624993276,2026-05-29
2026-10-16,Severe,42,3792.2352539351728,0.5740449361396028,2.877569768131169,2.931999062058238,-0.1631226624993276,2026-05-29
2026-10-23,Severe,43,3839.719163440858,0.4977428810164505,3.0640660189033047,2.9775621078278167,-0.1631226624993276,2026-05-29
2026-10-30,Severe,44,3845.67075216381,0.4189581712982551,3.4300209602190206,3.1286963084293027,-0.1631226624993276,2026-05-29
2026-11-06,Severe,45,3856.6099521506394,0.3438659047633932,3.3772498935409323,3.2135372258208044,-0.1631226624993276,2026-05-29
2026-11-13,Severe,46,3820.8520508970378,0.2933222975740052,3.526454476002334,3.319766716806676,-0.1631226624993276,2026-05-29
2026-11-20,Severe,47,3770.452437205907,0.2175663567334128,3.583062584911761,3.4096433666213626,-0.1631226624993276,2026-05-29
2026-11-27,Severe,48,3702.947063523707,0.1072613105052753,3.565649501876048,3.463453403578188,-0.1631226624993276,2026-05-29
2026-12-04,Severe,49,3564.527392391288,-0.0151256675759425,3.499351544918297,3.475975668747803,-0.1631226624993276,2026-05-29
2026-12-11,Severe,50,3417.6134225070628,-0.0861976184293864,3.3644323348673675,3.4365210023637647,-0.1631226624993276,2026-05-29
2026-12-18,Severe,51,3268.7963734158507,-0.1255482312750939,3.374935435224746,3.414839259209554,-0.1631226624993276,2026-05-29
2026-12-25,Severe,52,3176.284342379816,-0.1467427808918884,3.2663742148662016,3.362124188883444,-0.1631226624993276,2026-05-29
2027-01-01,Severe,53,3165.4027606257173,-0.2291205486487531,2.635690165723674,3.08753552265644,-0.1631226624993276,2026-05-29
2027-01-08,Severe,1,3017.336211094106,-0.2349481305698807,3.221177689996054,3.133667509548312,-0.1631226624993276,2026-05-29
2027-01-15,Severe,2,2835.781295647943,-0.3580586830968776,3.4273175690689945,3.2334668744738537,-0.1631226624993276,2026-05-29
2027-01-22,Severe,3,2631.580590760519,-0.4432572512096969,3.271697559508445,3.246796528949481,-0.1631226624993276,2026-05-29
2027-01-29,Severe,4,2421.8750514046624,-0.5576535146078037,3.6122992282763,3.3703119393124386,-0.1631226624993276,2026-05-29
2027-02-05,Severe,5,2204.318856856227,-0.6759240172689975,3.206426603485419,3.3120205317006137,-0.1631226624993276,2026-05-29
2027-02-12,Severe,6,1999.294721710235,-0.8843458434840402,3.149622078460036,3.2542500440138333,-0.1631226624993276,2026-05-29
2027-02-19,Severe,7,1828.173524046564,-0.8972151379527427,3.132034074546369,3.210941291141672,-0.1631226624993276,2026-05-29
2027-02-26,Severe,8,1660.6690984360423,-1.00635681725575,3.208746650399435,3.2101729961914414,-0.1631226624993276,2026-05-29
2027-03-05,Severe,9,1543.8003076939422,-1.0344754576140922,3.319788142646975,3.248120357627202,-0.1631226624993276,2026-05-29
2027-03-12,Severe,10,1449.8300189955216,-0.9991535097987287,3.30389504847768,3.2675335751658547,-0.1631226624993276,2026-05-29
2027-03-19,Severe,11,1404.6733552894675,-1.0060921355693502,3.248711622020172,3.26093351957035,-0.1631226624993276,2026-05-29
2027-03-26,Severe,12,1354.2506750463351,-1.0992478253164908,3.26199374154826,3.2613045580590665,-0.1631226624993276,2026-05-29
2027-04-02,Severe,13,1321.3210073497764,-1.1979633211861984,3.386838997203971,3.304703310073687,-0.1631226624993276,2026-05-29
2027-04-09,Severe,14,1320.9636793789134,-1.2507541229792356,3.351754877197617,3.321095747586663,-0.1631226624993276,2026-05-29
2027-04-16,Severe,15,1355.8191053748271,-1.2603738725713238,3.417579270817993,3.354551136723104,-0.1631226624993276,2026-05-29
2027-04-23,Severe,16,1376.6016750987856,-1.307609060121821,3.370985489664712,3.360294026395635,-0.1631226624993276,2026-05-29
2027-04-30,Severe,17,1437.9837195766024,-1.3766901510871352,3.4445379173274886,3.3895424037133,-0.1631226624993276,2026-05-29
2027-05-07,Severe,18,1492.3811360666753,-1.454266599182352,3.719011374841183,3.5013967454319763,-0.1631226624993276,2026-05-29
2027-05-14,Severe,19,1569.7798022195248,-1.5221353486595557,3.8222475966891434,3.610509118111861,-0.1631226624993276,2026-05-29
2027-05-21,Severe,20,1654.1679360095704,-1.5621246030445846,3.896873879336421,3.708260307511803,-0.1631226624993276,2026-05-29
2027-05-28,Severe,21,1739.6112968082216,-1.6012344925551976,3.897564279495816,3.773447294788079,-0.1631226624993276,2026-05-29
2026-06-19,Base,25,2835.4014830807087,0.5170850832262156,2.754800552082302,3.1167722989336424,-0.16216600997441263,2026-06-12
2026-06-26,Base,26,2901.4387003450684,0.402782613430553,2.7767344667909857,2.9932660634401786,-0.16216600997441263,2026-06-12
2026-07-03,Base,27,2972.4721497277615,0.43569600730542135,2.720745498521332,2.894911096374418,-0.16216600997441263,2026-06-12
2026-07-10,Base,28,3027.298048299118,0.48666468980266925,2.7506938771805873,2.8435946690663134,-0.16216600997441263,2026-06-12
2026-07-17,Base,29,3063.008677200156,0.5194323577473733,2.7913883131994823,2.825212303939161,-0.16216600997441263,2026-06-12
2026-07-24,Base,30,3100.8061759351517,0.5651452454903777,2.6974816853541737,2.779832860772657,-0.16216600997441263,2026-06-12
2026-07-31,Base,31,3139.460998215131,0.595368088412321,2.6573569048640424,2.7363371429215637,-0.16216600997441263,2026-06-12
2026-08-07,Base,32,3180.7620155098202,0.6097306888632247,2.7910278844199263,2.7553559118553945,-0.16216600997441263,2026-06-12
2026-08-14,Base,33,3227.3089796330974,0.662817146218934,2.7678158211389476,2.759710486802946,-0.16216600997441263,2026-06-12
2026-08-21,Base,34,3279.6769557534926,0.7142253065985799,2.744037824576644,2.7542148987839927,-0.16216600997441263,2026-06-12
2026-08-28,Base,35,3333.2752440983895,0.7614310612133438,2.8661691000047935,2.792892491556896,-0.16216600997441263,2026-06-12
2026-09-04,Base,36,3406.7122652582766,0.7853927811392131,2.832792449998157,2.8067931418534484,-0.16216600997441263,2026-06-12
2026-09-11,Base,37,3478.4088871523973,0.7757667936321513,2.8223658429522573,2.8122337890340536,-0.16216600997441263,2026-06-12
2026-09-18,Base,38,3555.10301840067,0.80807071166297,2.7550385456061375,2.7920816352225253,-0.16216600997441263,2026-06-12
2026-09-25,Base,39,3646.6998525122626,0.8909659922045301,2.829059201554598,2.80496847993668,-0.16216600997441263,2026-06-12
2026-10-02,Base,40,3742.3758036896324,0.9494321616545416,2.918233611927237,2.8441022756978454,-0.16216600997441263,2026-06-12
2026-10-09,Base,41,3828.5094199236282,1.0095399609556508,2.844162768855201,2.8441234481565627,-0.16216600997441263,2026-06-12
2026-10-16,Base,42,3902.375654425262,1.0096767860963634,2.6827720045414396,2.7865754451512372,-0.16216600997441263,2026-06-12
2026-10-23,Base,43,3965.4715109184503,1.0028490646774708,2.8244337749188535,2.799767787433558,-0.16216600997441263,2026-06-12
2026-10-30,Base,44,3995.8788382558437,1.0567449894108143,3.0942322868836,2.8994980955295055,-0.16216600997441263,2026-06-12
2026-11-06,Base,45,4029.4891538930506,1.088726182460631,2.993968240748281,2.9322186675163824,-0.16216600997441263,2026-06-12
2026-11-13,Base,46,4021.7599804829156,1.020395516015169,3.135118627837272,3.001694730080135,-0.16216600997441263,2026-06-12
2026-11-20,Base,47,3994.9845073055417,0.982621327209461,3.1656554544982454,3.0580917812623256,-0.16216600997441263,2026-06-12
2026-11-27,Base,48,3950.947066520555,0.9270829657782862,3.1220868200326466,3.0803394413457177,-0.16216600997441263,2026-06-12
2026-12-04,Base,49,3848.418446339524,1.0139770213132333,2.9614462042360246,3.038193439581289,-0.16216600997441263,2026-06-12
2026-12-11,Base,50,3728.932812047153,1.081222366450553,2.7839226264569126,2.9466600176153377,-0.16216600997441263,2026-06-12
2026-12-18,Base,51,3590.9851802884164,1.1749507549137739,2.7328891771656614,2.8700021823373376,-0.16216600997441263,2026-06-12
2026-12-25,Base,52,3545.9643155176336,1.318795609778255,2.575077605727612,2.763121996880964,-0.16216600997441263,2026-06-12
2027-01-01,Base,53,3544.476201821487,0.29843591281942355,2.419048195188626,2.6374584191915313,-0.16216600997441263,2026-06-12
2027-01-08,Base,1,3432.68947328605,1.439959634795637,2.454465851517705,2.5719090222483385,-0.16216600997441263,2026-06-12
2027-01-15,Base,2,3281.2477174293,1.5748742391943862,2.5042251068121453,2.548014054328285,-0.16216600997441263,2026-06-12
2027-01-22,Base,3,3108.390509272648,1.472538484882482,2.396976107988933,2.494097799912811,-0.16216600997441263,2026-06-12
2027-01-29,Base,4,2916.862354559641,1.6153952631560284,2.538101459191221,2.509411616572793,-0.16216600997441263,2026-06-12
2027-02-05,Base,5,2744.518674201271,1.630946045807153,2.2043100806676987,2.398099386784828,-0.16216600997441263,2026-06-12
2027-02-12,Base,6,2597.143954499309,1.5198960562964436,2.130912182972706,2.3009734579410273,-0.16216600997441263,2026-06-12
2027-02-19,Base,7,2461.5521027115283,1.439195183356151,2.142424207119893,2.2441891546402677,-0.16216600997441263,2026-06-12
2027-02-26,Base,8,2319.964759688431,1.2050376752113643,2.2396165186815873,2.242587671062319,-0.16216600997441263,2026-06-12
2027-03-05,Base,9,2211.184170818489,1.0735943923106366,2.3562092050753343,2.281718042506805,-0.16216600997441263,2026-06-12
2027-03-12,Base,10,2149.386346778685,0.9621905917339812,2.401474443811353,2.322937762142255,-0.16216600997441263,2026-06-12
2027-03-19,Base,11,2123.2502148437284,0.9919766572306923,2.347326848415602,2.3314449817639935,-0.16216600997441263,2026-06-12
2027-03-26,Base,12,2095.5333382214076,0.9946870813855513,2.3203590077584297,2.3275588789609376,-0.16216600997441263,2026-06-12
2027-04-02,Base,13,2087.3907821087246,0.9939868548219993,2.370951113717089,2.342655074725295,-0.16216600997441263,2026-06-12
2027-04-09,Base,14,2101.5457958899356,0.9307812196608806,2.3502380793690256,2.345306339244581,-0.16216600997441263,2026-06-12
2027-04-16,Base,15,2147.4939800851403,0.9079176391151609,2.401524063204987,2.364831247406579,-0.16216600997441263,2026-06-12
2027-04-23,Base,16,2198.2058553815514,0.8402131465676568,2.376551403795369,2.3689267128844596,-0.16216600997441263,2026-06-12
2027-04-30,Base,17,2269.3051897667847,0.8472427556924439,2.398458942965257,2.3792213995956764,-0.16216600997441263,2026-06-12
2027-05-07,Base,18,2344.13751693751,0.8365372509560025,2.561456714323589,2.4414796836503716,-0.16216600997441263,2026-06-12
2027-05-14,Base,19,2431.8479037896714,0.8459146441176463,2.599619926734461,2.495703422687657,-0.16216600997441263,2026-06-12
2027-05-21,Base,20,2528.7865362434063,0.8593316042525343,2.627419958704782,2.541035641246067,-0.16216600997441263,2026-06-12
2027-05-28,Base,21,2624.2784775322216,0.859827714454194,2.6109636059452783,2.5652947845377225,-0.16216600997441263,2026-06-12
2027-06-04,Base,22,2728.0907066849204,0.8612012212556652,2.645254695362389,2.593002011719353,-0.16216600997441263,2026-06-12
2027-06-11,Base,23,2815.858713220995,0.8756660580062255,2.7017623350125475,2.630560865803733,-0.16216600997441263,2026-06-12
2026-06-19,Mild,25,2838.013590114335,0.5242289706799359,2.751610975334275,3.115508786527922,-0.16216600997441263,2026-06-12
2026-06-26,Mild,26,2905.1773696223577,0.41292051674302876,2.7721732009882754,2.9907558682871116,-0.16216600997441263,2026-06-12
2026-07-03,Mild,27,2976.3916498350104,0.4463311675760962,2.716057177536425,2.89158687115264,-0.16216600997441263,2026-06-12
2026-07-10,Mild,28,3031.285467217341,0.49767182238111957,2.74578831547419,2.839697160285316,-0.16216600997441263,2026-06-12
2026-07-17,Mild,29,3067.044852673162,0.5306013680110285,2.7863370321609233,2.820905867137586,-0.16216600997441263,2026-06-12
2026-07-24,Mild,30,3104.881927083521,0.5767547197038001,2.6924080162906483,2.7752486010115978,-0.16216600997441263,2026-06-12
2026-07-31,Mild,31,3143.5855323221385,0.6074909353992445,2.6521379021868565,2.7315230257830754,-0.16216600997441263,2026-06-12
2026-08-07,Mild,32,3185.1163195405375,0.6225279847423996,2.785241708241207,2.75020567743214,-0.16216600997441263,2026-06-12
2026-08-14,Mild,33,3231.8496183177726,0.6766221426005181,2.761626439264857,2.7541975615486276,-0.16216600997441263,2026-06-12
2026-08-21,Mild,34,3284.530493423089,0.7294108929785672,2.7372887091262728,2.748267614942053,-0.16216600997441263,2026-06-12
2026-08-28,Mild,35,3340.268830232624,0.7842001821282405,2.8556056358892414,2.7853690387453747,-0.16216600997441263,2026-06-12
2026-09-04,Mild,36,3416.263869918987,0.8169775135767567,2.818320067147833,2.796857843836015,-0.16216600997441263,2026-06-12
2026-09-11,Mild,37,3493.003216018804,0.8251403519381624,2.7998581961870492,2.797907601252989,-0.16216600997441263,2026-06-12
2026-09-18,Mild,38,3578.4207551742816,0.8887996597208586,2.7192060443990846,2.7701062696341956,-0.16216600997441263,2026-06-12
2026-09-25,Mild,39,3677.2296468869677,1.004209228003231,2.777579916864502,2.772719755949059,-0.16216600997441263,2026-06-12
2026-10-02,Mild,40,3783.096406883139,1.1054661639186032,2.845318733728589,2.797916233725234,-0.16216600997441263,2026-06-12
2026-10-09,Mild,41,3878.8175865961152,1.2107531511514045,2.752855681344392,2.782061752699356,-0.16216600997441263,2026-06-12
2026-10-16,Mild,42,3963.369300536387,1.2509213682185096,2.579843965752392,2.709543337017213,-0.16216600997441263,2026-06-12
2026-10-23,Mild,43,4044.392582435578,1.3198492801331558,2.6829079191605256,2.7001909952794545,-0.16216600997441263,2026-06-12
2026-10-30,Mild,44,4095.8479334938097,1.4812159537925063,2.888406780978591,2.7646288743667187,-0.16216600997441263,2026-06-12
2026-11-06,Mild,45,4149.224909804042,1.6046147769199945,2.753685189107061,2.7607936460977456,-0.16216600997441263,2026-06-12
2026-11-13,Mild,46,4155.938729016653,1.5059800061043533,2.8977127355789523,2.8079633223501164,-0.16216600997441263,2026-06-12
2026-11-20,Mild,47,4149.181890574455,1.5080227741027,2.907105383360732,2.8422724228944833,-0.16216600997441263,2026-06-12
2026-11-27,Mild,48,4125.329426332137,1.5035443897443252,2.8434530656340904,2.842685592080411,-0.16216600997441263,2026-06-12
2026-12-04,Mild,49,4038.6330997738974,1.7035035442276494,2.648146513823824,2.7730228088192668,-0.16216600997441263,2026-06-12
2026-12-11,Mild,50,3947.3308927398907,1.9001957186621738,2.4376910713443367,2.6507103294301424,-0.16216600997441263,2026-06-12
2026-12-18,Mild,51,3856.4570631920433,2.246514717451959,2.296963662425299,2.5210962097342784,-0.16216600997441263,2026-06-12
2026-12-25,Mild,52,3832.676078423585,2.455419517286332,2.141610054111919,2.3811801944100215,-0.16216600997441263,2026-06-12
2027-01-01,Mild,53,3848.463906628097,0.7214238592646474,2.2586784542396177,2.3375667074671216,-0.16216600997441263,2026-06-12
2027-01-08,Mild,1,3780.9994073072244,2.844515867645013,1.9545067928768705,2.195632360620511,-0.16216600997441263,2026-06-12
2027-01-15,Mild,2,3662.614426277005,3.2296707198130883,1.9148276249537233,2.092951403500816,-0.16216600997441263,2026-06-12
2027-01-22,Mild,3,3537.772042893196,3.1977696080811935,1.8120053142142738,1.9899825008158145,-0.16216600997441263,2026-06-12
2027-01-29,Mild,4,3387.366115009954,3.6809585918778573,1.8156657069638629,1.9271458279961888,-0.16216600997441263,2026-06-12
2027-02-05,Mild,5,3254.5527796895694,3.808996410358193,1.5483793978837854,1.7850548316294736,-0.16216600997441263,2026-06-12
2027-02-12,Mild,6,3135.762136003146,3.6859411541781197,1.4997392385284334,1.6794962117723347,-0.16216600997441263,2026-06-12
2027-02-19,Mild,7,3028.3998332078813,3.5301861526651357,1.5263058406011958,1.6242052753424985,-0.16216600997441263,2026-06-12
2027-02-26,Mild,8,2923.192292381279,3.228369727734646,1.6131502889848548,1.6203274388545101,-0.16216600997441263,2026-06-12
2027-03-05,Mild,9,2843.6396537240475,3.071335735187519,1.7041872588032814,1.6491982721034841,-0.16216600997441263,2026-06-12
2027-03-12,Mild,10,2807.766714225295,2.808089769500557,1.7802268425726855,1.6939232813194087,-0.16216600997441263,2026-06-12
2027-03-19,Mild,11,2807.3881898636473,2.894284976350026,1.7242418032876738,1.7044736377481635,-0.16216600997441263,2026-06-12
2027-03-26,Mild,12,2803.4445430826386,2.994356109601236,1.6777331568143798,1.6950663334327836,-0.16216600997441263,2026-06-12
2027-04-02,Mild,13,2820.806445213823,3.092504045813173,1.687052677662777,1.6922572331805774,-0.16216600997441263,2026-06-12
2027-04-09,Mild,14,2856.460777190868,3.040583221989014,1.669256738917565,1.6841712321433253,-0.16216600997441263,2026-06-12
2027-04-16,Mild,15,2924.821392669748,3.0369133725280286,1.7003818080325899,1.6898272785522228,-0.16216600997441263,2026-06-12
2027-04-23,Mild,16,3012.8191343874996,2.969759870527781,1.682549750687053,1.6872765701885204,-0.16216600997441263,2026-06-12
2027-04-30,Mild,17,3099.325388184732,3.067694528856799,1.6732111419369,1.6823402714140208,-0.16216600997441263,2026-06-12
2027-05-07,Mild,18,3189.3732645569694,3.109803819198894,1.7716823168994809,1.7130855207514544,-0.16216600997441263,2026-06-12
2027-05-14,Mild,19,3284.37788477402,3.1877639848313186,1.7781915928093228,1.7355969259892845,-0.16216600997441263,2026-06-12
2027-05-21,Mild,20,3392.366634556273,3.2502267773015294,1.78296985156821,1.7520325356757869,-0.16216600997441263,2026-06-12
2027-05-28,Mild,21,3495.9626224707513,3.284772317691145,1.7620462225323645,1.7555308362196476,-0.16216600997441263,2026-06-12
2027-06-04,Mild,22,3607.6169217977917,3.310188643801161,1.7782412872966982,1.763446310779344,-0.16216600997441263,2026-06-12
2027-06-11,Mild,23,3699.7622185697496,3.3575729773044514,1.8065579225911776,1.7784170727456823,-0.16216600997441263,2026-06-12
2026-06-19,Severe,25,2833.2999953250487,0.5113376954589675,2.7573693083300546,3.117789189662619,-0.16216600997441263,2026-06-12
2026-06-26,Severe,26,2896.0299531877536,0.38811606989444175,2.783346553293824,2.996394109978756,-0.16216600997441263,2026-06-12
2026-07-03,Severe,27,2965.6778656973825,0.4172604166407015,2.7288916814452033,2.8999099471382848,-0.16216600997441263,2026-06-12
2026-07-10,Severe,28,3020.398110957026,0.46761765043584796,2.759203307073173,2.849864610003764,-0.16216600997441263,2026-06-12
2026-07-17,Severe,29,3055.980823004675,0.4999846959284644,2.800205549682481,2.8323845552874825,-0.16216600997441263,2026-06-12
2026-07-24,Severe,30,3093.7595875528405,0.5450735622253742,2.7062761442827425,2.787591808533169,-0.16216600997441263,2026-06-12
2026-07-31,Severe,31,3132.3483257181374,0.5744624932318485,2.6663811031797024,2.744553776693534,-0.16216600997441263,2026-06-12
2026-08-07,Severe,32,3173.506435164634,0.5884065443392186,2.800696109371892,2.764074407944522,-0.16216600997441263,2026-06-12
2026-08-14,Severe,33,3218.9602839472773,0.6374344364863415,2.7792322199824433,2.769370215286056,-0.16216600997441263,2026-06-12
2026-08-21,Severe,34,3269.573148520067,0.6826128523528744,2.758141159251321,2.7654348549619017,-0.16216600997441263,2026-06-12
2026-08-28,Severe,35,3319.8872907472673,0.7178437051983089,2.8865000630759394,2.807218911582076,-0.16216600997441263,2026-06-12
2026-09-04,Severe,36,3387.5145591203163,0.7219108392749053,2.8621055773697432,2.8263084705671546,-0.16216600997441263,2026-06-12
2026-09-11,Severe,37,3454.4430069046957,0.6946886709862748,2.8597196635055524,2.837957750072464,-0.16216600997441263,2026-06-12
2026-09-18,Severe,38,3520.6595369637043,0.6888230312017853,2.808833729170648,2.827730151959394,-0.16216600997441263,2026-06-12
2026-09-25,Severe,39,3602.4304663452667,0.7267589073207066,2.905405671581064,2.854677478529552,-0.16216600997441263,2026-06-12
2026-10-02,Severe,40,3688.979554112879,0.7448273701253215,3.0166847046852934,2.910365638135709,-0.16216600997441263,2026-06-12
2026-10-09,Severe,41,3760.3600394221644,0.7369688225590874,2.9726996607216862,2.9320324462180847,-0.16216600997441263,2026-06-12
2026-10-16,Severe,42,3810.0034235985563,0.6443223328656287,2.8465241797612606,2.901816252763851,-0.16216600997441263,2026-06-12
2026-10-23,Severe,43,3857.487534247519,0.5691126339319997,3.0302502813220697,2.946136847050745,-0.16216600997441263,2026-06-12
2026-10-30,Severe,44,3863.4406351247335,0.4944094829202933,3.389666473823917,3.094349281238137,-0.16216600997441263,2026-06-12
2026-11-06,Severe,45,3874.3803860542716,0.4204308715081078,3.336673866238243,3.1770926735209053,-0.16216600997441263,2026-06-12
2026-11-13,Severe,46,3838.62314373193,0.3576347699055611,3.4908465768218915,3.283561770549189,-0.16216600997441263,2026-06-12
2026-11-20,Severe,47,3788.224357800761,0.27812116380380375,3.5487879026409024,3.3740567997701136,-0.16216600997441263,2026-06-12
2026-11-27,Severe,48,3720.7200364537844,0.16601400369311992,3.532200852780383,3.4285851512900267,-0.16216600997441263,2026-06-12
2026-12-04,Severe,49,3582.3025194152274,0.04930901876333983,3.4629266787942115,3.4405657731222545,-0.16216600997441263,2026-06-12
2026-12-11,Severe,50,3435.389517607213,-0.01953884493089484,3.3279849591060198,3.400735744395699,-0.16216600997441263,2026-06-12
2026-12-18,Severe,51,3286.573614329419,-0.0537912884757898,3.3354898518771705,3.377755768333645,-0.16216600997441263,2026-06-12
2026-12-25,Severe,52,3194.061308663407,-0.07626878053661586,3.228803701710886,3.324856711822783,-0.16216600997441263,2026-06-12
2027-01-01,Severe,53,3183.404925663909,-0.2039817679200415,2.6243919356695784,3.060641410652831,-0.16216600997441263,2026-06-12
2027-01-08,Severe,1,3035.33965000628,-0.16234944799748108,3.182761552001821,3.102841050958874,-0.16216600997441263,2026-06-12
2027-01-15,Severe,2,2853.786170277956,-0.27993334472701814,3.383010837255122,3.19815773602649,-0.16216600997441263,2026-06-12
2027-01-22,Severe,3,2649.587436699558,-0.3709067456285043,3.232164852099429,3.2100193324598014,-0.16216600997441263,2026-06-12
2027-01-29,Severe,4,2439.8834398504614,-0.4785947059227908,3.564380773640377,3.329847954910948,-0.16216600997441263,2026-06-12
2027-02-05,Severe,5,2222.329917425632,-0.5990095587709977,3.1646345223813936,3.271064507533048,-0.16216600997441263,2026-06-12
2027-02-12,Severe,6,2017.308552820811,-0.8119034865212844,3.110205405771606,3.213838846388554,-0.16216600997441263,2026-06-12
2027-02-19,Severe,7,1846.1888157391277,-0.8307602326722127,3.095803880392207,3.172023282834548,-0.16216600997441263,2026-06-12
2027-02-26,Severe,8,1678.6872940513313,-0.945920595861307,3.1743947194751216,3.1728530840731204,-0.16216600997441263,2026-06-12
2027-03-05,Severe,9,1561.8188800078199,-0.9775600733317404,3.2860347479505347,3.212016214572701,-0.16216600997441263,2026-06-12
2027-03-12,Severe,10,1467.8491642518718,-0.9486332831070503,3.273807183130972,3.233509251608551,-0.16216600997441263,2026-06-12
2027-03-19,Severe,11,1422.692811001115,-0.9559873880507361,3.2193218319642236,3.228536556766467,-0.16216600997441263,2026-06-12
2027-03-26,Severe,12,1372.2713525487447,-1.0483439966702193,3.2317769219794723,3.229670314853114,-0.16216600997441263,2026-06-12
2027-04-02,Severe,13,1339.3430171388347,-1.146397068567006,3.354788435984496,3.2729217539126645,-0.16216600997441263,2026-06-12
2027-04-09,Severe,14,1338.9868071482713,-1.2003839064675976,3.320512632854847,3.2895004690288587,-0.16216600997441263,2026-06-12
2027-04-16,Severe,15,1373.841935425454,-1.211011753520063,3.386245844225203,3.323042831149905,-0.16216600997441263,2026-06-12
2027-04-23,Severe,16,1394.626465256263,-1.260488992453928,3.341142889391463,3.3293666706255896,-0.16216600997441263,2026-06-12
2027-04-30,Severe,17,1456.0087136299387,-1.3284700835715564,3.413209646844175,3.35847481190111,-0.16216600997441263,2026-06-12
2027-05-07,Severe,18,1510.4071850169007,-1.4057854333638584,3.684757250655629,3.469248992279383,-0.16216600997441263,2026-06-12
2027-05-14,Severe,19,1587.8062150047533,-1.4726178609017908,3.7861603967743633,3.5770310415877344,-0.16216600997441263,2026-06-12
2027-05-21,Severe,20,1672.194453103644,-1.5122166526514396,3.8596900359273225,3.673525940087093,-0.16216600997441263,2026-06-12
2027-05-28,Severe,21,1757.6379204723837,-1.5510860941670679,3.8600788997377915,3.737770961375043,-0.16216600997441263,2026-06-12
2027-06-04,Severe,22,1853.926983656883,-1.5728546671938595,3.9254794054892996,3.8024253077678156,-0.16216600997441263,2026-06-12
2027-06-11,Severe,23,1936.6394378786856,-1.5930880422407923,4.031958664271596,3.8812362107205587,-0.16216600997441263,2026-06-12
